{
    "_checkpoint": {
        "global_record": {
            "index": -1,
            "infractions": {
                "collisions_layout": 0.0,
                "collisions_pedestrian": 0.03026878853451883,
                "collisions_vehicle": 0.19868367848640142,
                "outside_route_lanes": 0.03508394456731901,
                "red_light": 0.1256906580636647,
                "route_dev": 0.0,
                "route_timeout": 0.048012474179380454,
                "stop_infraction": 0.018829642997136513,
                "vehicle_blocked": 0.01148711485506998
            },
            "meta": {
                "exceptions": [
                    [
                        "RouteScenario_23",
                        7,
                        "Failed - Agent timed out"
                    ],
                    [
                        "RouteScenario_24",
                        8,
                        "Failed - Agent got blocked"
                    ]
                ]
            },
            "route_id": -1,
            "scores": {
                "score_composed": 27.932355129640275,
                "score_penalty": 0.32920540233097884,
                "score_route": 85.78059225307673
            },
            "status": "Failed"
        },
        "progress": [
            10,
            10
        ],
        "records": [
            {
                "index": 0,
                "infractions": {
                    "collisions_layout": [],
                    "collisions_pedestrian": [
                        "Agent collided against object with type=walker.pedestrian.0009 and id=202 at (x=-54.614, y=-17.557, z=0.089), at time=37.45000055804849",
                        "Agent collided against object with type=walker.pedestrian.0009 and id=202 at (x=-54.566, y=-14.415, z=0.092), at time=42.900000639259815"
                    ],
                    "collisions_vehicle": [
                        "Agent collided against object with type=vehicle.gazelle.omafiets and id=262 at (x=-191.476, y=-109.55, z=0.089), at time=216.90000323206186",
                        "Agent collided against object with type=vehicle.micro.microlino and id=273 at (x=-192.451, y=-88.142, z=0.057), at time=455.35000678524375",
                        "Agent collided against object with type=vehicle.diamondback.century and id=222 at (x=-55.134, y=-67.657, z=0.089), at time=521.7500077746809"
                    ],
                    "outside_route_lanes": [],
                    "red_light": [
                        "Agent ran a red light 95 at (x=-61.15, y=-78.1, z=0.0) at time=16.550000246614218"
                    ],
                    "route_dev": [],
                    "route_timeout": [],
                    "stop_infraction": [],
                    "vehicle_blocked": []
                },
                "meta": {
                    "duration_game": 532.4000079333782,
                    "duration_system": 7787.521072149277,
                    "route_length": 1071.0281341479306
                },
                "route_id": "RouteScenario_16",
                "scores": {
                    "score_composed": 3.7800000000000002,
                    "score_penalty": 0.0378,
                    "score_route": 100.0
                },
                "status": "Completed"
            },
            {
                "index": 1,
                "infractions": {
                    "collisions_layout": [],
                    "collisions_pedestrian": [
                        "Agent collided against object with type=walker.pedestrian.0029 and id=482 at (x=194.558, y=114.737, z=0.035), at time=159.20000237226486"
                    ],
                    "collisions_vehicle": [],
                    "outside_route_lanes": [],
                    "red_light": [
                        "Agent ran a red light 420 at (x=43.9, y=-158.2, z=0.2) at time=56.40000084042549"
                    ],
                    "route_dev": [],
                    "route_timeout": [],
                    "stop_infraction": [],
                    "vehicle_blocked": []
                },
                "meta": {
                    "duration_game": 207.95000309869647,
                    "duration_system": 2430.2866110801697,
                    "route_length": 862.4300893683893
                },
                "route_id": "RouteScenario_17",
                "scores": {
                    "score_composed": 35.0,
                    "score_penalty": 0.35,
                    "score_route": 100.0
                },
                "status": "Completed"
            },
            {
                "index": 2,
                "infractions": {
                    "collisions_layout": [],
                    "collisions_pedestrian": [],
                    "collisions_vehicle": [
                        "Agent collided against object with type=vehicle.yamaha.yzf and id=926 at (x=35.093, y=124.549, z=0.034), at time=2.3000000342726707",
                        "Agent collided against object with type=vehicle.chevrolet.impala and id=872 at (x=-129.02, y=1.326, z=0.035), at time=257.0500038303435"
                    ],
                    "outside_route_lanes": [
                        "Agent went outside its route lanes for about 25.406 meters (2.44% of the completed route)"
                    ],
                    "red_light": [
                        "Agent ran a red light 757 at (x=-112.966, y=-128.849, z=-0.0) at time=342.5000051036477"
                    ],
                    "route_dev": [],
                    "route_timeout": [],
                    "stop_infraction": [],
                    "vehicle_blocked": []
                },
                "meta": {
                    "duration_game": 361.55000538751483,
                    "duration_system": 4765.716000318527,
                    "route_length": 1018.1548091661475
                },
                "route_id": "RouteScenario_18",
                "scores": {
                    "score_composed": 24.584674161418164,
                    "score_penalty": 0.24584674161418163,
                    "score_route": 100.0
                },
                "status": "Completed"
            },
            {
                "index": 3,
                "infractions": {
                    "collisions_layout": [],
                    "collisions_pedestrian": [],
                    "collisions_vehicle": [],
                    "outside_route_lanes": [],
                    "red_light": [
                        "Agent ran a red light 1046 at (x=43.9, y=-158.2, z=0.2) at time=131.8500019647181"
                    ],
                    "route_dev": [],
                    "route_timeout": [],
                    "stop_infraction": [],
                    "vehicle_blocked": []
                },
                "meta": {
                    "duration_game": 476.45000709965825,
                    "duration_system": 5559.486526966095,
                    "route_length": 1651.1240425772803
                },
                "route_id": "RouteScenario_19",
                "scores": {
                    "score_composed": 70.0,
                    "score_penalty": 0.7,
                    "score_route": 100.0
                },
                "status": "Completed"
            },
            {
                "index": 4,
                "infractions": {
                    "collisions_layout": [],
                    "collisions_pedestrian": [],
                    "collisions_vehicle": [
                        "Agent collided against object with type=vehicle.diamondback.century and id=1454 at (x=52.869, y=-87.32, z=0.034), at time=377.7000056281686"
                    ],
                    "outside_route_lanes": [],
                    "red_light": [],
                    "route_dev": [],
                    "route_timeout": [],
                    "stop_infraction": [],